<ImportExportXml xmlns:xsi="http://www.w3.org/2001/XMLSchema-instance">
  <Entities>
    <Entity>
      <Name LocalizedName="Account" OriginalName="">Account</Name>
      <FormXml>
        <forms type="main">
          <systemform>
            <formid>{8448b78f-8f42-454e-8e2a-f8196b0419af}</formid>
            <IntroducedVersion>5.0.0.0</IntroducedVersion>
            <FormPresentation>1</FormPresentation>
            <FormActivationState>1</FormActivationState>
            <form showImage="true" shownavigationbar="true" maxWidth="1920" solutionaction="Modified">
              <tabs>
                <tab name="SUMMARY_TAB" id="{3b0b63a9-d379-689a-0ec3-e71eb4c6a841}" IsUserDefined="0" showlabel="true" expanded="true" locklevel="0" ordinalvalue="0">
                  <columns>
                    <column width="33%" id="0">
                      <sections>
                        <section name="MapSection" showlabel="false" showbar="false" id="{e1c565b8-7db7-4a44-b4e7-281614ff849b}" IsUserDefined="0" layout="varwidth" columns="1" labelwidth="115" celllabelposition="Left" ordinalvalue="2">
                          <rows />
                        </section>
                      </sections>
                    </column>
                    <column width="42%" id="1">
                      <sections>
                        <section name="SOCIAL_PANE_TAB" showlabel="false" showbar="false" id="{7a073b7c-5422-2418-3d26-b2a7eb290832}" IsUserDefined="0" layout="varwidth" columns="1" labelwidth="115" celllabelposition="Top" locklevel="0" celllabelalignment="Left" ordinalvalue="0">
                          <rows />
                        </section>
                      </sections>
                    </column>
                    <column width="25%" id="2">
                      <sections>
                        <section name="Summary_section_6" showlabel="false" showbar="false" locklevel="0" id="{ea3bb0a6-b9dc-1b0e-5e7d-74a380ee79a3}" IsUserDefined="0" layout="varwidth" columns="1" labelwidth="115" ordinalvalue="0">
                          <rows />
                        </section>
                        <section name="SUMMARY_TAB_section_6" showlabel="false" showbar="false" locklevel="0" id="{d4c3ee9c-ba71-5cdb-31be-2aa505750472}" IsUserDefined="0" layout="varwidth" columns="1" labelwidth="115" celllabelalignment="Left" celllabelposition="Top" ordinalvalue="1">
                          <rows>
                            <row>
                              <cell id="{8e24c7e3-6a40-5abb-eadb-254eba5478e2}" showlabel="true" colspan="1" auto="false" rowspan="8" ordinalvalue="10002" solutionaction="Modified">
                                <control id="Contacts" classid="{E7A81278-8635-4d9e-8D4D-59480B391C5B}" uniqueid="{09b0659e-c57e-83cd-d37d-2b74cc8cae92}" indicationOfSubgrid="true" solutionaction="Modified">
                                  <parameters>
                                    <AutoExpand solutionaction="Modified">Fixed</AutoExpand>
                                    <ViewIds solutionaction="Modified">{00000000-0000-0000-00AA-000010001003}</ViewIds>
                                    <VisualizationId solutionaction="Modified">{E365462F-1DB9-46A8-928D-BEAB1A7A2375}</VisualizationId>
                                    <HeaderColorCode solutionaction="Added">#F3F3F3</HeaderColorCode>
                                  </parameters>
                                </control>
                              </cell>
                            </row>
                          </rows>
                        </section>
                      </sections>
                    </column>
                  </columns>
                </tab>
                <tab name="Pricing" id="{5b296411-032e-394c-72c5-75deebee6aaa}" IsUserDefined="0" locklevel="0" showlabel="true" expanded="true" ordinalvalue="2" solutionaction="Modified">
                  <columns>
                    <column width="100%" id="0">
                      <sections>
                        <section name="tab_3_section_1" showlabel="false" showbar="false" locklevel="0" id="{ec014397-38b8-351c-d38d-08072a08a48d}" IsUserDefined="0" layout="varwidth" columns="1" labelwidth="115" ordinalvalue="0">
                          <rows />
                        </section>
                      </sections>
                    </column>
                  </columns>
                </tab>
                <tab name="DETAILS_TAB" id="{11a42c72-9ded-ea04-253d-2143e731b795}" IsUserDefined="0" showlabel="true" expanded="true" ordinalvalue="3" solutionaction="Modified">
                  <columns>
                    <column width="34%" id="0">
                      <sections>
                        <section name="DETAILS_TAB_section_6" showlabel="true" showbar="false" locklevel="0" id="{e201b9ce-c3d5-c922-dba5-528c25066940}" IsUserDefined="0" layout="varwidth" columns="1" labelwidth="115" celllabelalignment="Left" celllabelposition="Top" height="auto" ordinalvalue="1">
                          <rows />
                        </section>
                      </sections>
                    </column>
                  </columns>
                </tab>
                <tab name="FieldService" id="{c267121d-ed5c-3554-ed2a-4b9c7cc17c51}" IsUserDefined="0" locklevel="0" showlabel="true" expanded="true" ordinalvalue="4" solutionaction="Modified" />
                <tab name="urstab" id="{c89e4b42-29b5-63b1-4666-65574779eddd}" IsUserDefined="0" locklevel="0" showlabel="true" expanded="false" ordinalvalue="5" solutionaction="Modified">
                  <columns>
                    <column width="33%" id="1">
                      <sections>
                        <section name="tab_3_section_2" showlabel="false" showbar="false" locklevel="0" id="{26e829cb-9a5d-a0b5-b062-0a931e082a1e}" IsUserDefined="0" layout="varwidth" columns="1" labelwidth="115" ordinalvalue="0">
                          <rows>
                            <row>
                              <cell id="{bf9f749a-e05d-428f-ae84-36298415b335}" showlabel="false" ordinalvalue="10000" solutionaction="Added">
                                <labels>
                                  <label description="" languagecode="1033" />
                                </labels>
                              </cell>
                            </row>
                          </rows>
                        </section>
                      </sections>
                    </column>
                    <column width="33%" id="2">
                      <sections>
                        <section name="tab_3_section_3" showlabel="false" showbar="false" locklevel="0" id="{329c50b5-c80d-155e-aae5-50ca4db32d1a}" IsUserDefined="0" layout="varwidth" columns="1" labelwidth="115" ordinalvalue="0">
                          <rows>
                            <row>
                              <cell id="{c6b0218a-8723-4a79-82b3-4da6ae097c63}" showlabel="false" ordinalvalue="10000" solutionaction="Added">
                                <labels>
                                  <label description="" languagecode="1033" />
                                </labels>
                              </cell>
                            </row>
                          </rows>
                        </section>
                      </sections>
                    </column>
                  </columns>
                </tab>
                <tab name="tab_6" id="{4d7a84aa-d7b4-493e-c754-72cba80c3391}" IsUserDefined="0" locklevel="0" showlabel="true" expanded="true" ordinalvalue="1" solutionaction="Added">
                  <labels>
                    <label description="Contacts" languagecode="1033" />
                  </labels>
                  <columns>
                    <column width="50%" id="0">
                      <sections>
                        <section name="tab_6_section_1" showlabel="false" showbar="false" locklevel="0" id="{72016ec6-27b8-1787-c27a-9a04d047d1b1}" IsUserDefined="0" layout="varwidth" columns="1" labelwidth="115" celllabelalignment="Left" celllabelposition="Left" ordinalvalue="0">
                          <labels>
                            <label description="Section" languagecode="1033" />
                          </labels>
                          <rows>
                            <row>
                              <cell id="{c9274eb4-00c2-8e02-54dc-cc8b9534e9d9}" showlabel="false" colspan="1" auto="false" rowspan="10" ordinalvalue="10000">
                                <labels>
                                  <label description="gridcontacts" languagecode="1033" />
                                </labels>
                                <control id="WebResource_gridcontacts" classid="{9FDF5F91-88B1-47f4-AD53-C11EFC01A01D}">
                                  <parameters>
                                    <Url>dcc_/html/ContactSubgridCustom.html</Url>
                                    <PassParameters>false</PassParameters>
                                    <ShowOnMobileClient>false</ShowOnMobileClient>
                                    <Security>false</Security>
                                    <Scrolling>auto</Scrolling>
                                    <Border>false</Border>
                                    <WebResourceId>{F6B3E817-560F-E811-A951-000D3A246B2E}</WebResourceId>
                                  </parameters>
                                </control>
                                <events>
                                  <event name="onload" application="0">
                                    <dependencies />
                                  </event>
                                </events>
                              </cell>
                            </row>
                            <row></row>
                            <row></row>
                            <row></row>
                            <row></row>
                            <row></row>
                            <row />
                            <row />
                            <row />
                            <row />
                          </rows>
                        </section>
                      </sections>
                    </column>
                    <column width="50%" id="1">
                      <sections>
                        <section name="tab_6_section_2" showlabel="false" showbar="false" locklevel="0" id="{85e8925a-8ea6-6b8d-66e7-d3b546e371aa}" IsUserDefined="0" layout="varwidth" columns="1" labelwidth="115" ordinalvalue="0">
                          <labels>
                            <label description="Section" languagecode="1033" />
                          </labels>
                          <rows>
                            <row>
                              <cell id="{d5143e7c-7024-d6b7-2de9-c8c9d5955d7b}" showlabel="false" ordinalvalue="10000">
                                <labels>
                                  <label description="" languagecode="1033" />
                                </labels>
                              </cell>
                            </row>
                          </rows>
                        </section>
                      </sections>
                    </column>
                  </columns>
                </tab>
              </tabs>
              <Navigation>
                <NavBar>
                  <NavBarByRelationshipItem RelationshipName="hardcoded_{B7196B13-6B9D-42CD-BD58-B19A3953126F}navCampaignsInSFA" Sequence="22" Area="Marketing" Id="navCampaignsInSFA" Show="false" solutionaction="Removed" />
                  <NavBarByRelationshipItem RelationshipName="msdyn_account_msdyn_actualfact_AccountCustomer" Sequence="10002" Area="Info" Id="nav_msdyn_account_msdyn_actualfact_AccountCustomer" Show="false" solutionaction="Removed" />
                  <NavBarByRelationshipItem RelationshipName="msdyn_account_msdyn_actualfact_AccountVendor" Sequence="10003" Area="Info" Id="nav_msdyn_account_msdyn_actualfact_AccountVendor" Show="false" solutionaction="Removed" />
                </NavBar>
              </Navigation>
            </form>
            <LocalizedNames>
              <LocalizedName description="Account" languagecode="1033" />
              <LocalizedName description="Cuenta" languagecode="3082" />
            </LocalizedNames>
            <Descriptions>
              <Description description="Updated default Account form." languagecode="1033" />
              <Description description="Formulario predeterminado de cuenta actualizado." languagecode="3082" />
            </Descriptions>
          </systemform>
        </forms>
      </FormXml>
      <RibbonDiffXml>
        <CustomActions />
        <Templates>
          <RibbonTemplates Id="Mscrm.Templates"></RibbonTemplates>
        </Templates>
        <CommandDefinitions />
        <RuleDefinitions>
          <TabDisplayRules />
          <DisplayRules />
          <EnableRules />
        </RuleDefinitions>
        <LocLabels />
      </RibbonDiffXml>
    </Entity>
  </Entities>
  <Roles></Roles>
  <Workflows></Workflows>
  <FieldSecurityProfiles></FieldSecurityProfiles>
  <Templates />
  <EntityMaps />
  <EntityRelationships />
  <OrganizationSettings />
  <optionsets />
  <WebResources>
    <WebResource>
      <WebResourceId>{f6b3e817-560f-e811-a951-000d3a246b2e}</WebResourceId>
      <Name>dcc_/html/ContactSubgridCustom.html</Name>
      <DisplayName>ContactSubgridCustom.html</DisplayName>
      <WebResourceType>1</WebResourceType>
      <IntroducedVersion>1.0</IntroducedVersion>
      <IsEnabledForMobileClient>0</IsEnabledForMobileClient>
      <IsAvailableForMobileOffline>0</IsAvailableForMobileOffline>
      <IsCustomizable>1</IsCustomizable>
      <CanBeDeleted>1</CanBeDeleted>
      <IsHidden>0</IsHidden>
      <FileName>/WebResources/dcc_htmlContactSubgridCustomhtmlF6B3E817-560F-E811-A951-000D3A246B2E</FileName>
    </WebResource>
    <WebResource>
      <WebResourceId>{00878db2-d20f-e811-a951-000d3a246b2e}</WebResourceId>
      <Name>dcc_jquery_3.3.1.min.js</Name>
      <DisplayName>/scripts/jquery-3.3.1.min.js</DisplayName>
      <WebResourceType>3</WebResourceType>
      <IntroducedVersion>1.0</IntroducedVersion>
      <IsEnabledForMobileClient>0</IsEnabledForMobileClient>
      <IsAvailableForMobileOffline>0</IsAvailableForMobileOffline>
      <IsCustomizable>1</IsCustomizable>
      <CanBeDeleted>1</CanBeDeleted>
      <IsHidden>0</IsHidden>
      <FileName>/WebResources/dcc_jquery_331minjs00878DB2-D20F-E811-A951-000D3A246B2E</FileName>
    </WebResource>
    <WebResource>
      <WebResourceId>{376d107b-db14-e811-a952-000d3a246b2e}</WebResourceId>
      <Name>dcc_/css/dcc_gridstyles.css</Name>
      <DisplayName>dcc_gridstyles.css</DisplayName>
      <WebResourceType>2</WebResourceType>
      <IntroducedVersion>1.0</IntroducedVersion>
      <IsEnabledForMobileClient>0</IsEnabledForMobileClient>
      <IsAvailableForMobileOffline>0</IsAvailableForMobileOffline>
      <IsCustomizable>1</IsCustomizable>
      <CanBeDeleted>1</CanBeDeleted>
      <IsHidden>0</IsHidden>
      <FileName>/WebResources/dcc_cssdcc_gridstylescss376D107B-DB14-E811-A952-000D3A246B2E</FileName>
    </WebResource>
    <WebResource>
      <WebResourceId>{4436bffb-550f-e811-a952-000d3a2474d1}</WebResourceId>
      <Name>dcc_/scripts/ContactSubgrid.js</Name>
      <DisplayName>ContactSubgrid.js</DisplayName>
      <WebResourceType>3</WebResourceType>
      <IntroducedVersion>1.0</IntroducedVersion>
      <IsEnabledForMobileClient>0</IsEnabledForMobileClient>
      <IsAvailableForMobileOffline>0</IsAvailableForMobileOffline>
      <IsCustomizable>1</IsCustomizable>
      <CanBeDeleted>1</CanBeDeleted>
      <IsHidden>0</IsHidden>
      <FileName>/WebResources/dcc_scriptsContactSubgridjs4436BFFB-550F-E811-A952-000D3A2474D1</FileName>
    </WebResource>
  </WebResources>
  <CustomControls />
  <EntityDataProviders />
  <Languages>
    <Language>1033</Language>
    <Language>3082</Language>
  </Languages>
</ImportExportXml>